number,Commit,Subject Line,character count,subject_len,and_or_count,Blank Line,Capital,dot,imperative,wrap,result
1,"Correctly fix build without HID support

Suggested by: Linus Torvalds <torvalds@linux-foundation.org>
Signed-off-by: Dirk Hohndel <dirk@hohndel.org>",Correctly fix build without HID support,39,2,1,1,1,1,0,1,good
2,"Revert ""Allow compilation on platforms without USBHID support""

This reverts commit 7444cca876cf1637fd7c3d4ad1e48145b215aed8.

The commit does what it advertises - but also breaks HID support everywhere
else. Oops.

Reported-by: Linus Torvalds <torvalds@linux-foundation.org>
Signed-off-by: Dirk Hohndel <dirk@hohndel.org>","Revert ""Allow compilation on platforms without USBHID support""",62,1,1,1,1,1,1,0,neutral 
3,"Merge pull request #14 from torvalds/Subsurface-branch

Merge with upstream libdivecomputer",Merge pull request #14 from torvalds/Subsurface-branch,54,1,1,1,1,1,1,1,good
4,"Remove the half-duplex emulation from the I/O api

Now that the half-duplex emulation code isn't used anymore, it can be
removed from the I/O stream api.",Remove the half-duplex emulation from the I/O api,49,2,1,1,1,1,1,1,good
5,"Handle the half-duplex emulation in the vyper2 backend

The half-duplex emulation is basically a workaround for a timing problem
in the vyper2 backend. Since no other dive computer backend uses or
needs this feature, it makes no sense to support this at the I/O layer.
It can be implemented directly in the vyper2 backend instead.",Handle the half-duplex emulation in the vyper2 backend,54,1,1,1,1,1,1,1,good
6,"Use the new timer for the timestamps in the logging

Replace the platform specific code with the new timers.",Use the new timer for the timestamps in the logging,51,1,1,1,1,1,1,1,good
7,"Use the new timer for the timeout calculations

Replace the gettimeofday() based implementation with the new monotonic
timers. This makes the implementation more robust against unexpected
adjustments of the clock.",Use the new timer for the timeout calculations,46,2,1,1,1,1,1,1,good
8,"Add a high resolution timer module

The new timer module provides an cross-platform interface for a high
resolution monotonic clock. The timestamps are always relative to the
creation of the timer and their unit is one microseconds.

The timers can be used for logging, measuring elapsed time and
implementing timeouts.",Add a high resolution timer module,34,2,1,1,1,1,1,1,good
9,Add functions for converting bluetooth addresses,Add functions for converting bluetooth addresses,48,2,1,1,1,1,1,1,good
10,"Add support for the OSTC 2 TR

The OSTC 2 TR add supports for one or more tank pressure transmitters,
and the active transmitter is linked to the active gas mix.",Add support for the OSTC 2 TR,29,2,1,1,1,1,1,1,good
11,"Allow compilation on platforms without USBHID support

E.g. iOS.

Signed-off-by: Dirk Hohndel <dirk@hohndel.org>",Allow compilation on platforms without USBHID support,53,1,1,1,1,1,1,1,good
12,"Revert ""Shearwater: correctly handle the different models""

This reverts commit 8ea8cebb4e6c3d86b9ceb2291caa077dabd2a3f7.

Well intended, but as Jef points out it breaks download from older Shearwater
dive computers in certain situations.

Signed-off-by: Dirk Hohndel <dirk@hohndel.org>","Revert ""Shearwater: correctly handle the different models""",58,1,1,1,1,1,1,0,neutral
13,"Let the ringbuffer function handle a full ringbuffer

The ringbuffer_distance() function has a parameter to specify whether a
ringbuffer with identical begin/end pointers should be considered an
empty or a full ringbuffer. Hence there is no need to handle the case of
a full ringbuffer manually.",Let the ringbuffer function handle a full ringbuffer,52,1,1,1,1,1,1,1,good
14,"Suppress the warning if no O2 sensors are present

The warning about disabling the O2 sensors due to factory default
calibration values, applies only if there is at least one calibrated O2
sensor present.

This has no effect on the calibration bits, because those are already
zero if there are no calibrated O2 sensors present.",Suppress the warning if no O2 sensors are present,49,2,1,1,1,1,1,1,good
15,"Integrate the connect step into the open function

There is no need to expose the two step connection setup of the
underlying socket interface in the public api. Doing so may complicate
the implementation on platforms where the native api is not based on the
socket interface (e.g. Mac OS X).

Note that the function to connect based on the IrDA service name is
removed. It's not used anywhere in libdivecomputer and since IrDA is an
outdated technology nowadays, it's unlikely we'll need it in the future.",Integrate the connect step into the open function,49,2,1,1,1,1,1,1,good
16,Merge branch 'discovery',Merge branch 'discovery',24,2,1,1,1,1,1,1,good
17,Implement some filter functions,Implement some filter functions,31,2,1,1,1,1,1,1,good
18,"Add suport for applying a filter function

The device descriptors are extended with a filter function. During the
device discovery, this filter function is used to return only devices
that match a known dive computer.

The filtering is optional, and can be disabled by passing a NULL pointer
for the device descriptor when creating the iterator with one of the
dc_xxx_iterator_new() functions.",Add suport for applying a filter function,41,2,1,1,1,1,1,1,good
19,"Re-write the device discovery using the iterator api

Replacing the callback based interface with an iterator based interface,
results in a more extensible abstraction with a common interface for
each of the built-in I/O implementations (serial, usbhid, irda and
bluetooth).",Re-write the device discovery using the iterator api,52,1,1,1,1,1,0,1,neutral
20,Merge git://github.com/libdivecomputer/libdivecomputer into Subsurface-branch,Merge git://github.com/libdivecomputer/libdivecomputer into Subsurface-branch,77,0,1,1,1,1,1,0,neutral
21,Cleanup the iterator internals,Cleanup the iterator internals,30,2,1,1,1,1,1,1,good
22,"Simplify the conditional compilation

Move the global variables inside an existing conditionally compiled
block, to remove some of the #ifdef's.",Simplify the conditional compilation,36,2,1,1,1,1,1,1,good
23,"Disable some Windows specific compiler warnings

The -Wno-pedantic-ms-format option is only needed for the MinGW target.
But for some reason, the AX_APPEND_COMPILE_FLAGS macro enables the
option for all other GCC targets too. But during compilation GCC outputs
the warning ""unrecognized command line option"".",Disable some Windows specific compiler warnings,47,2,1,1,1,1,1,1,good
24,"Use SDP to auto-detect the rfcomm port number

When the port number is set to zero (which is an invalid value), detect
the port number automatically. On Windows, we can simply supply the UUID
of the serial port service, and the Windows api will take care of the
discovery. On Linux (bluez), the SDP discovery needs to be performed
manually to retrieve the port number.",Use SDP to auto-detect the rfcomm port number,45,2,1,1,1,1,1,1,good
25,"Merge pull request #2549 from github/fixes/2547-pr-preview-broken

Update Octokit.GraphQL schema",Merge pull request #2549 from github/fixes/2547-pr-preview-broken,65,1,1,1,1,1,1,1,good
26,Update Octokit.GraphQL schema,Update Octokit.GraphQL schema,29,2,1,1,1,1,1,1,good
27,"Merge pull request #2512 from davidwengier/FixDiffCaptions

Prevent error when filenames have braces in them",Merge pull request #2512 from davidwengier/FixDiffCaptions,58,1,1,1,1,1,1,1,neutral
28,Merge branch 'master' into FixDiffCaptions,Merge branch 'master' into FixDiffCaptions,42,2,1,1,1,1,1,1,good
29,"Merge pull request #2515 from github/useCreateRepositoryDialog

Change GitHub.TeamFoundation.16 version of TeamExplorerServices",Merge pull request #2515 from github/useCreateRepositoryDialog,62,1,1,1,1,1,1,1,neutral
30,Changes based on PR feedback,Changes based on PR feedback,28,2,1,1,1,1,0,1,neutral
31,Add compiler conditions within ShowPublishSection to only use IGitActionsExt2 under 16.0,Add compiler conditions within ShowPublishSection to only use IGitActionsExt2 under 16.0,88,0,1,1,1,1,1,0,bad
32,Change GitHub.TeamFoundation.16 version of TeamExplorerServices to use IGitActionsExt2.InitializeOrPushRepositoryToGitService(),Change GitHub.TeamFoundation.16 version of TeamExplorerServices to use IGitActionsExt2.InitializeOrPushRepositoryToGitService(),127,0,1,1,1,1,1,0,bad
33,Merge branch 'master' into FixDiffCaptions,Merge branch 'master' into FixDiffCaptions,42,2,1,1,1,1,1,1,good
34,"Merge pull request #2514 from github/devops/no-sign-pr-builds

Don't sign VSIX on Azure Pipelines PR builds",Merge pull request #2514 from github/devops/no-sign-pr-builds,61,1,1,1,1,1,1,1,good
35,Don't sign PR builds,Don't sign PR builds,20,1,1,1,1,1,0,1,neutral
36,Prevent error when filenames have braces in them,Prevent error when filenames have braces in them,48,2,1,1,1,1,1,1,good
37,"Merge pull request #2460 from github/azure-pipelines/certificate-sha1

Sign the VSIX",Merge pull request #2460 from github/azure-pipelines/certificate-sha1,69,1,1,1,1,1,1,1,neutral
38,Only sign master branch builds,Only sign master branch builds,30,2,1,1,1,1,0,1,neutral
39,Sign the VSIX,Sign the VSIX,13,1,1,1,1,1,1,1,good
40,Add link to GitHub Actiions workflow,Add link to GitHub Actiions workflow,36,2,1,1,1,1,1,1,good
41,Add encrypted DigiCert certificate,Add encrypted DigiCert certificate,34,2,1,1,1,1,1,1,good
42,Add vsixsigntool,Add vsixsigntool,16,1,1,1,1,1,1,1,good
43,Merge branch 'master' into azure-pipelines/certificate-sha1,Merge branch 'master' into azure-pipelines/certificate-sha1,59,1,1,1,1,1,1,1,neutral
44,"Cert Hash(sha1) from certificate.pfx

Found using: certutil -p PASSWORD -dump .\certificate.pfx",Cert Hash(sha1) from certificate.pfx,36,2,1,1,1,1,1,1,good
45,"Merge pull request #2482 from github/fixes/2481-PullRequest.timelineItems

Use PullRequest.timelineItems instead of PullRequest.timeline",Merge pull request #2482 from github/fixes/2481-PullRequest.timelineItems,73,0,1,1,1,1,1,0,bad
46,Only fetch IssueComment and PullRequestCommit items,Only fetch IssueComment and PullRequestCommit items,51,1,0,1,1,1,0,1,neutral
47,Use PullRequest.timelineItems instead of timeline,Use PullRequest.timelineItems instead of timeline,49,2,1,1,1,1,1,1,good
48,"Merge pull request #2408 from github/fixes/remove-experimental-PR-file-margin

Remove the experimental PR file margin",Merge pull request #2408 from github/fixes/remove-experimental-PR-file-margin,77,0,1,1,1,1,1,0,bad
49,Merge branch 'master' into fixes/remove-experimental-PR-file-margin,Merge branch 'master' into fixes/remove-experimental-PR-file-margin,67,1,1,1,1,1,1,1,good
50,"Merge pull request #2473 from github/fixes/tool-window-discoverability

Make pull request functionality more discoverable outside of Team Explorer",Merge pull request #2473 from github/fixes/tool-window-discoverability,70,1,1,1,1,1,1,0,bad
51,Merge branch 'master' into fixes/tool-window-discoverability,Merge branch 'master' into fixes/tool-window-discoverability,60,1,1,1,1,1,1,1,neutral
52,"Merge pull request #2479 from github/fixes/2478-default-github-login

Always default to GitHub login",Merge pull request #2479 from github/fixes/2478-default-github-login,68,1,1,1,1,1,1,1,neutral
53,Merge branch 'master' into fixes/2478-default-github-login,Merge branch 'master' into fixes/2478-default-github-login,58,1,1,1,1,1,1,1,neutral
54,Fix typos,Fix typos,9,0,1,1,1,1,1,1,neutral
55,"Merge pull request #527 from adam-p/fix-tbird-intl

Fix #524 and #526: Broken in non-English Thunderbird",Merge pull request #527 from adam-p/fix-tbird-intl,50,2,1,1,1,1,1,1,good
56,"Bump version, add CHANGES note","Bump version, add CHANGES note",30,2,1,1,1,1,1,1,good
57,"Fix #524 and #526: Broken in non-English Thunderbird

A string added in the Firefox 60 fix wasn't copied to the non-English `messages.json` files, which meant that it wasn't in the non-English `strings.properties` and `string.dtd` files. This caused Thunderbird to not load the overlay in Thunderbird, which prevented it from being present in the message window.

To help mitigate this in the future, to some degree, the `i18n.js` script makes sure that all English strings are present in the other languages when creating the the .properties and .dtd files. But I still have to remember to run that script.",Fix #524 and #526: Broken in non-English Thunderbird,52,1,0,1,1,1,1,0,neutral
58,"Merge pull request #520 from adam-p/tbird-fix

Fix #495: Stopped working in Thunderbird 60",Merge pull request #520 from adam-p/tbird-fix,45,2,1,1,1,1,1,1,good
59,Fix some problems blocking Tbird extension submission,Fix some problems blocking Tbird extension submission,53,1,1,1,1,1,1,1,good
60,"Bump version in manifests

And copy over some linting stuff from the defunct xul branch.",Bump version in manifests,25,2,1,1,1,1,1,1,good
61,Fix #495. Add changelist item.,Fix #495. Add changelist item.,30,2,1,1,1,0,1,1,good
62,Add prompt to help old-Thunderbird users find open-options menu item,Add prompt to help old-Thunderbird users find open-options menu item,68,1,1,1,1,1,1,1,neutral
63,Add ability for Thunderbird <= v59 to open options,Add ability for Thunderbird <= v59 to open options,50,2,1,1,1,1,1,1,good
64,Refactor Thunderbird prefs getting/setting,Refactor Thunderbird prefs getting/setting,42,2,1,1,1,1,0,1,neutral
65,"Merge pull request #518 from dugite-code/TB60

Thunderbird 60 Fixes",Merge pull request #518 from dugite-code/TB60,45,2,1,1,1,1,1,1,good
66,Sign CLA,Sign CLA,8,0,1,1,1,1,1,1,good
67,fix last-version key name,fix last-version key name,25,2,1,1,0,1,1,1,neutral
68,"Thunderbird 60 Fixes

- CSS for the preference dialogs has moved
- NsISupportsString in setComplexValue() has been dropped in favour of setStringPref()
- Thunderbird 60 refusing explicit decliration of option type 1 in install.rdf",Thunderbird 60 Fixes,20,1,1,1,1,1,0,0,bad
69,Remove WebExtensions notes,Remove WebExtensions notes,26,2,1,1,1,1,1,1,good
70,"Merge pull request #318 from michaelstepner/master

Forgot-to-Render check for Fastmail",Merge pull request #318 from michaelstepner/master,50,2,1,1,1,1,1,1,good
71,"Fix CLA

I had messed up the generation of it, then didn't read it carefully -- there were values missing from it.",Fix CLA,7,0,1,1,1,1,1,0,bad
72,"Fix #427: After rendering, text would be selected

This seemed to occur in Chrome on all pages, and in Firefox on some pages (Gmail, but not the contenteditable test page).","Fix #427: After rendering, text would be selected",49,2,1,1,1,1,1,0,neutral
73,"Fixed #435: console errors on cross-origin iframes-with-iframes

This is related to #173, but the fix for that didn't check deeply enough.",Fixed #435: console errors on cross-origin iframes-with-iframes,63,1,1,1,1,1,0,0,bad
74,"Merge pull request #433 from adam-p/firefox-webextensions

Merge WebExtensions changes",Merge pull request #433 from adam-p/firefox-webextensions,57,1,1,1,1,1,1,1,neutral
75,"Upgade jQuery, as required by Mozilla review","Upgade jQuery, as required by Mozilla review",44,2,1,1,1,1,0,1,neutral
76,Exclude Thumbs.db from build zips,Exclude Thumbs.db from build zips,33,2,1,1,1,1,1,1,good
77,"At glob to local node deps, as required by npm bug","At glob to local node deps, as required by npm bug",50,2,1,1,1,1,0,1,neutral
78,Bump version number,Bump version number,19,1,1,1,1,1,1,1,good
79,Add WebExtensions change item,Add WebExtensions change item,29,2,1,1,1,1,1,1,good
80,Bump max Tbird and Postbox version,Bump max Tbird and Postbox version,34,2,0,1,1,1,1,1,good
81,Update the default chrome.storage.sync quota value,Update the default chrome.storage.sync quota value,50,2,1,1,1,1,1,1,good
82,Add icon sizes to setIcon to match manifest browserAction,Add icon sizes to setIcon to match manifest browserAction,57,1,1,1,1,1,1,1,good
83,"Remove ""Low"" webext item","Remove ""Low"" webext item",24,2,1,1,1,1,1,1,good
84,Merge master,Merge master,12,1,1,1,1,1,1,1,good
85,"Merge pull request #765 from Mutated1994/patch-9

Update linux-timers-2.md",Merge pull request #765 from Mutated1994/patch-9,48,2,1,1,1,1,1,1,good
86,Update linux-timers-2.md,Update linux-timers-2.md,24,2,1,1,1,1,1,1,good
87,"Merge pull request #762 from Mutated1994/patch-8

feat: Get a memory dump in real mode",Merge pull request #762 from Mutated1994/patch-8,48,2,1,1,1,1,1,1,good
88,Update linux-bootstrap-1.md,Update linux-bootstrap-1.md,27,2,1,1,1,1,1,1,good
89,Update linux-bootstrap-1.md,Update linux-bootstrap-1.md,27,2,1,1,1,1,1,1,good
90,"Merge pull request #761 from Mutated1994/patch-7

feat: Add some code snippets",Merge pull request #761 from Mutated1994/patch-7,48,2,1,1,1,1,1,1,good
91,"Merge pull request #760 from uchin0704/master

linux-datastuctures-2.md:correct some descriptions",Merge pull request #760 from uchin0704/master,45,2,1,1,1,1,1,1,good
92,"Merge pull request #746 from h4child/patch-1

Update linux-bootstrap-4.md",Merge pull request #746 from h4child/patch-1,44,2,1,1,1,1,1,1,good
93,Update linux-bootstrap-3.md,Update linux-bootstrap-3.md,27,2,1,1,1,1,1,1,good
94,"linux-datastuctures-2.md:correct some descriptions

GFP_NOIO: ""NOIO"" is the point rather than ""can't sleep""
__GFP_HIGHMEM: allocation can happens at either ZONE_NORMAL or ZONE_HIGHMEM
GFP_ATOMIC: allocation don't have to be in a ""process""(e.g. in an interupt handler)

Signed-off-by: qinyu <chinyu0704@outlook.com>",linux-datastuctures-2.md:correct some descriptions,50,2,1,1,0,1,0,0,bad
95,"Merge pull request #759 from uchin0704/master

linux-datastructures-2.md: fix minor typo",Merge pull request #759 from uchin0704/master,45,2,1,1,1,1,1,1,good
96,"linux-datastructures-2.md: fix minor typo

fix minor typo in linux-datastructures-2.md
Signed-off-by: qinyu <chinyu0704@outlook.com>",linux-datastructures-2.md: fix minor typo,41,2,1,1,0,1,0,1,neutral
97,"Merge pull request #757 from Mutated1994/patch-6

fix: Adjust a sentence",Merge pull request #757 from Mutated1994/patch-6,48,2,1,1,1,1,1,1,good
98,"Merge pull request #755 from Mutated1994/patch-4

feat: Diving a little deeper about the PAGE_OFFSET",Merge pull request #755 from Mutated1994/patch-4,48,2,1,1,1,1,1,1,good
99,Update linux-initialization-2.md,Update linux-initialization-2.md,32,2,1,1,1,1,1,1,good
100,"Merge pull request #756 from Mutated1994/patch-5

feat: Add a important word",Merge pull request #756 from Mutated1994/patch-5,48,2,1,1,1,1,1,1,good
101,Update linux-bootstrap-1.md,Update linux-bootstrap-1.md,27,2,1,1,1,1,1,1,good
102,Update linux-bootstrap-1.md,Update linux-bootstrap-1.md,27,2,1,1,1,1,1,1,good
103,Update linux-initialization-2.md,Update linux-initialization-2.md,32,2,1,1,1,1,1,1,good
104,Update linux-initialization-2.md,Update linux-initialization-2.md,32,2,1,1,1,1,1,1,good
105,"Merge pull request #754 from Mutated1994/patch-3

feat: Fill in the details of __PAGE_OFFSET",Merge pull request #754 from Mutated1994/patch-3,48,2,1,1,1,1,1,1,good
106,Update linux-initialization-2.md,Update linux-initialization-2.md,32,2,1,1,1,1,1,1,good
107,Update linux-initialization-2.md,Update linux-initialization-2.md,32,2,1,1,1,1,1,1,good
108,Update linux-initialization-2.md,Update linux-initialization-2.md,32,2,1,1,1,1,1,1,good
109,"Merge pull request #753 from Mutated1994/patch-2

feat: Add some comments",Merge pull request #753 from Mutated1994/patch-2,48,2,1,1,1,1,1,1,good
110,Update linux-initialization-2.md,Update linux-initialization-2.md,32,2,1,1,1,1,1,1,good
111,"Merge pull request #752 from chaffz/master

fix: The segment selector of  IDT",Merge pull request #752 from chaffz/master,42,2,1,1,1,1,1,1,good
112,Update linux-initialization-2.md,Update linux-initialization-2.md,32,2,1,1,1,1,1,1,good
113,Update contributors.md,Update contributors.md,22,2,1,1,1,1,1,1,good
114,Update linux-initialization-2.md,Update linux-initialization-2.md,32,2,1,1,1,1,1,1,good
115,too many licenses!,too many licenses!,18,1,1,1,0,1,0,1,bad
116,update badges; disable PHP 8.0 prefer-lowest tests,update badges; disable PHP 8.0 prefer-lowest tests,50,2,1,1,0,1,1,1,good
117,last try,last try,8,0,1,1,0,1,1,1,bad
118,maybe?,maybe?,6,0,1,1,0,1,0,1,bad
119,bump again,bump again,10,0,1,1,0,1,1,1,bad
120,bump phpunit,bump phpunit,12,1,1,1,0,1,1,1,neutral
121,php 8.0 support,php 8.0 support,15,1,1,1,0,1,0,1,bad
122,"Clean up some code, add test for #115","Clean up some code, add test for #115",37,2,1,1,1,1,1,1,good
123,tweak docs,tweak docs,10,0,1,1,0,1,1,1,bad
124,Laravel 8.0 support tweaks,Laravel 8.0 support tweaks,26,2,1,1,1,1,0,1,bad
125,"Merge pull request #113 from tectiv3/8.x

Support for Laravel 8",Merge pull request #113 from tectiv3/8.x,40,2,1,1,1,1,1,1,good
126,Support for Laravel 8,Support for Laravel 8,21,2,1,1,1,1,1,1,good
127,Laravel 7.0 support,Laravel 7.0 support,19,1,1,1,1,1,0,1,bad
128,"Merge pull request #108 from jasonmccreary/patch-1

Support for Laravel 7",Merge pull request #108 from jasonmccreary/patch-1,50,2,1,1,1,1,1,1,good
129,Support for Laravel 7,Support for Laravel 7,21,2,1,1,1,1,1,1,good
130,update tests,update tests,12,1,1,1,0,1,1,1,neutral
131,Various improvements to migrations and custom table names,Various improvements to migrations and custom table names,57,1,0,1,1,1,0,1,bad
132,fix for semantic versioning,fix for semantic versioning,27,2,1,1,0,1,1,1,neutral
133,fix for semantic versioning,fix for semantic versioning,27,2,1,1,0,1,1,1,neutral
134,update CHANGELOG,update CHANGELOG,16,1,1,1,0,1,1,1,good
135,tweaks to docs,tweaks to docs,14,1,1,1,0,1,0,1,bad
136,drop PHP 7.1 support,drop PHP 7.1 support,20,1,1,1,0,1,1,1,neutral
137,Prep for 6.0 release,Prep for 6.0 release,20,1,1,1,1,1,1,1,good
138,Test for counting all tags,Test for counting all tags,26,2,1,1,1,1,1,1,good
139,tweak and bump,tweak and bump,14,1,0,1,0,1,1,1,good
140,"Merge pull request #97 from devguar/master

Create a new alias to use on scopes to be able to combine many scopes",Merge pull request #97 from devguar/master,42,2,1,1,1,1,1,1,good
141,revert version number to follow pattern (minor bumps are for Laravel minor bumps),revert version number to follow pattern (minor bumps are for Laravel minor bumps),81,0,1,1,0,1,1,0,bad
142,Fix BUG when try to combine scopes like withAllTags and WithoutAnyTags.,Fix BUG when try to combine scopes like withAllTags and WithoutAnyTags.,71,1,0,1,1,0,1,1,neutral
143,"Create a new alias to use on scopes to be able to combine many scopes
Create a new alias to use on scopes to be able to combine many scopes
Create a new alias to use on scopes to be able to combine many scopes",Create a new alias to use on scopes to be able to combine many scopes,69,1,1,0,1,1,1,1,bad
144,version bump,version bump,12,1,1,1,0,1,0,1,bad
145,Update CHANGELOG.md,Update CHANGELOG.md,19,1,1,1,1,1,1,1,good
146,"Merge pull request #58 from faustbrian/patch-1

use `Arr::first` instead of `array_first` helper",Merge pull request #58 from faustbrian/patch-1,46,2,1,1,1,1,1,1,good
147,use `Arr::first` instead of `array_first` helper,use `Arr::first` instead of `array_first` helper,48,2,1,1,0,1,1,1,good
148,Update CHANGELOG.md,Update CHANGELOG.md,19,1,1,1,1,1,1,1,good
149,"Merge pull request #57 from samuelhgf/master

Implements a method that returns only the built link of the social network",Merge pull request #57 from samuelhgf/master,44,2,1,1,1,1,1,0,good
150,Typo fix,Typo fix,8,0,1,1,1,1,0,1,bad
151,Typo fix,Typo fix,8,0,1,1,1,1,0,1,bad
152,Rework getRawLinks method & docs,Rework getRawLinks method & docs,32,2,1,1,1,1,1,1,good
153,Add the instructions of the implemetation in the README file,Add the instructions of the implemetation in the README file,60,1,1,1,1,1,1,1,good
154,Implements a method that returns only the built link of the social network,Implements a method that returns only the built link of the social network,74,0,1,1,1,1,0,0,bad
155,Update changelog,Update changelog,16,1,1,1,1,1,1,1,good
156,"Merge pull request #50 from jorenvh/title-support

Add title support (improves PR #48)",Merge pull request #50 from jorenvh/title-support,49,2,1,1,1,1,1,1,good
157,"Add title support

Improves PR #48",Add title support,17,1,1,1,1,1,1,1,good
158,Update changelog,Update changelog,16,1,1,1,1,1,1,1,good
159,Update readme,Update readme,13,1,1,1,1,1,1,1,good
160,"Merge pull request #44 from sandervankasteel/feature/Telegram

Added Telegram as service to share to",Merge pull request #44 from sandervankasteel/feature/Telegram,61,1,1,1,1,1,1,1,good
161,Updated README.md,Updated README.md,17,1,1,1,1,1,0,1,bad
162,Added combined tests to also include Telegram,Added combined tests to also include Telegram,45,2,1,1,1,1,0,1,bad
163,Added tests for Telegram,Added tests for Telegram,24,2,1,1,1,1,0,1,bad
164,Added function for building URL for Telegram and added forgotten comment for the Reddit function,Added function for building URL for Telegram and added forgotten comment for the Reddit function,96,0,0,1,1,1,0,0,bad
165,Added Telegram,Added Telegram,14,1,1,1,1,1,0,1,bad
166,Added configuration for Telegram,Added configuration for Telegram,32,2,1,1,1,1,0,1,neutral
167,"Merge pull request #43 from sandervankasteel/feature/TestAllPHPVersions

Test with all PHP Versions",Merge pull request #43 from sandervankasteel/feature/TestAllPHPVersions,71,1,1,1,1,1,1,1,neutral
168,Remove support for php 7.0,Remove support for php 7.0,26,2,1,1,1,1,1,1,good
169,"Merge pull request #42 from sandervankasteel/feature/AddRedditAsService

Added Reddit as service to be able to share to",Merge pull request #42 from sandervankasteel/feature/AddRedditAsService,71,1,1,1,1,1,1,1,neutral
170,Updated orchestra/testbench to 3.5 (ie. Laravel 5.5),Updated orchestra/testbench to 3.5 (ie. Laravel 5.5),52,1,1,1,1,1,0,1,bad
171,Upgraded phpunit to 6.5,Upgraded phpunit to 6.5,23,2,1,1,1,1,0,1,neutral
172,Dropped PHP 5.6 testing,Dropped PHP 5.6 testing,23,2,1,1,1,1,0,1,neutral
173,"Added PHP 7.0, 7.1, 7.2 and 7.3","Added PHP 7.0, 7.1, 7.2 and 7.3",31,2,0,1,1,1,0,1,neutral
174,Updated to README.md to include Reddit,Updated to README.md to include Reddit,38,2,1,1,1,1,0,1,neutral
175,Fix composer.json syntax,Fix composer.json syntax,24,2,1,1,1,1,1,1,good
176,Update composer config,Update composer config,22,2,1,1,1,1,1,1,good
177,Add php8 to test matrix,Add php8 to test matrix,23,2,1,1,1,1,1,1,good
178,Fix invalid return type on shorthand setter trait,Fix invalid return type on shorthand setter trait,49,2,1,1,1,1,1,1,good
179,Update composer dependencies,Update composer dependencies,28,2,1,1,1,1,1,1,good
180,Fix styling,Fix styling,11,1,1,1,1,1,1,1,good
181,Add fallback value on shorthand setters if config does not contain index,Add fallback value on shorthand setters if config does not contain index,72,1,1,1,1,1,1,1,neutral
182,Update string concatenation,Update string concatenation,27,2,1,1,1,1,1,1,good
183,Update meta structs property prefix string concatenation,Update meta structs property prefix string concatenation,56,1,1,1,1,1,1,1,neutral
184,Add csrf token shorthand method docs,Add csrf token shorthand method docs,36,2,1,1,1,1,1,1,good
185,Add missing escape parameters to title & description shorthand setter,Add missing escape parameters to title & description shorthand setter,69,1,1,1,1,1,1,1,neutral
186,Update docs,Update docs,11,1,1,1,1,1,1,1,good
187,Hide shorthand method description in spoilers,Hide shorthand method description in spoilers,45,2,1,1,1,1,1,1,good
188,Refactor docs,Refactor docs,13,1,1,1,1,1,1,1,good
189,Remove scrutinizer badge,Remove scrutinizer badge,24,2,1,1,1,1,1,1,good
190,Update php cs fixer config,Update php cs fixer config,26,2,1,1,1,1,1,1,good
191,Fix styling,Fix styling,11,1,1,1,1,1,1,1,good
192,Delete .php_cs,Delete .php_cs,14,1,1,1,1,1,1,1,good
193,Fix styling,Fix styling,11,1,1,1,1,1,1,1,good
194,Add php cs fixer,Add php cs fixer,16,1,1,1,1,1,1,1,good
195,Add new structs to docs,Add new structs to docs,23,2,1,1,1,1,1,1,good
196,Clean up phpdocs,Clean up phpdocs,16,1,1,1,1,1,1,1,good
197,Moving setUnique to Struct,Moving setUnique to Struct,26,2,1,1,1,1,0,1,neutral
198,Allow to switch unique-flag for `Article`,Allow to switch unique-flag for `Article`,41,2,1,1,1,1,1,1,good
199,Image support,Image support,13,1,1,1,1,1,1,1,good
200,Canonical,Canonical,9,0,1,1,1,1,0,1,bad
201,"Adding ""Article"" namespace","Adding ""Article"" namespace",26,2,1,1,1,1,0,1,neutral
202,Update github actions to run execute pull request,Update github actions to run execute pull request,49,2,1,1,1,1,1,1,good
203,Remove defaults method from script struct,Remove defaults method from script struct,41,2,1,1,1,1,1,1,good
204,Adding attributes to script struct,Adding attributes to script struct,34,2,1,1,1,1,0,1,neutral
205,Update tests badge,Update tests badge,18,1,1,1,1,1,1,1,good
206,"Support PHP 8 (#42)

* Make every closure static",Support PHP 8 (#42),19,1,1,1,1,1,1,1,good
207,Switch to GitHub Actions and allow Carbon 3 (#41),Switch to GitHub Actions and allow Carbon 3 (#41),49,2,0,1,1,1,1,1,good
208,Fix #39 Keep local hours for diff calculation (#40),Fix #39 Keep local hours for diff calculation (#40),51,1,1,1,1,1,1,1,good
209,Fix #37 Get hours option for each class,Fix #37 Get hours option for each class,39,2,1,1,1,1,1,1,good
210,Simplify the set of meta-data,Simplify the set of meta-data,29,2,1,1,1,1,1,1,good
211,Fix code style,Fix code style,14,1,1,1,1,1,1,1,good
212,Add unit tests for open time range start and end,Add unit tests for open time range start and end,48,2,0,1,1,1,1,1,good
213,"Merge pull request #36 from kylekatarnls/feature/getCurrentOpenTimePeriod

Add getCurrentOpenTimePeriod() method",Merge pull request #36 from kylekatarnls/feature/getCurrentOpenTimePeriod,73,0,1,1,1,1,1,0,bad
214,Add getCurrentOpenTimePeriod() test,Add getCurrentOpenTimePeriod() test,35,2,1,1,1,1,1,1,good
215,Add getCurrentOpenTimePeriod() method,Add getCurrentOpenTimePeriod() method,37,2,1,1,1,1,1,1,good
216,"Merge pull request #35 from kylekatarnls/feature/issue-34-isOpenOn-holidays

Fix #34 holidays detection via static methods like isOpenOn",Merge pull request #35 from kylekatarnls/feature/issue-34-isOpenOn-holidays,75,0,1,1,1,1,1,0,bad
217,Fix indent,Fix indent,10,0,1,1,1,1,1,1,good
218,Split long lines,Split long lines,16,1,1,1,1,1,1,1,good
219,Split long lines,Split long lines,16,1,1,1,1,1,1,1,good
220,Fix closure default value,Fix closure default value,25,2,1,1,1,1,1,1,good
221,Update spatie/opening-hours,Update spatie/opening-hours,27,2,1,1,1,1,1,1,good
222,Add default holiday callback to avoid breaking change,Add default holiday callback to avoid breaking change,53,1,1,1,1,1,1,1,good
223,Fix #34 holidays detection via static methods like isOpenOn,Fix #34 holidays detection via static methods like isOpenOn,59,1,1,1,1,1,1,1,neutral
224,Update isOpenOn() documentation,Update isOpenOn() documentation,31,2,1,1,1,1,1,1,good
225,"Merge pull request #32 from kylekatarnls/feature/issue-31-fix-local-mode

Fix add/sub time with local mode",Merge pull request #32 from kylekatarnls/feature/issue-31-fix-local-mode,72,1,1,1,1,1,1,1,neutral
226,Check only local mode for openingHours copy,Check only local mode for openingHours copy,43,2,1,1,1,1,1,1,good
227,Fix add/sub time with local mode,Fix add/sub time with local mode,32,2,1,1,1,1,1,1,good
228,"Merge pull request #30 from kylekatarnls/fix-laravel-config

Fix laravel config",Merge pull request #30 from kylekatarnls/fix-laravel-config,59,1,1,1,1,1,1,1,neutral
229,Preserve settings for BusinessDay,Preserve settings for BusinessDay,33,2,1,1,1,1,1,1,good
230,"Merge pull request #29 from Ken-vdE/patch-1

Update README.md",Merge pull request #29 from Ken-vdE/patch-1,43,2,1,1,1,1,1,1,good
231,"Update README.md

There were some errors in the readme file.

1. The enable should be for 'Time' not 'Day'.

2. The example laravel carbon.php was in the wrong format and caused ""Spatie\OpeningHours\Exceptions\InvalidDayName: Day `opening-hours` isn't a valid day name. Valid day names are lowercase english words, e.g. `monday`, `thursday`.""",Update README.md,16,1,1,1,1,1,1,0,neutral
232,"Merge pull request #27 from kylekatarnls/feature/issue-25-diff

Implement #25 diff methods",Merge pull request #27 from kylekatarnls/feature/issue-25-diff,62,1,1,1,1,1,1,1,neutral
233,"Merge pull request #28 from kylekatarnls/analysis-QMpyvw

Apply fixes from StyleCI",Merge pull request #28 from kylekatarnls/analysis-QMpyvw,56,1,1,1,1,1,1,1,neutral
234,Apply fixes from StyleCI,Apply fixes from StyleCI,24,2,1,1,1,1,1,1,good
235,"Bump aws/aws-sdk-php from 3.171.1 to 3.171.2

Bumps [aws/aws-sdk-php](https://github.com/aws/aws-sdk-php) from 3.171.1 to 3.171.2.
- [Release notes](https://github.com/aws/aws-sdk-php/releases)
- [Changelog](https://github.com/aws/aws-sdk-php/blob/master/CHANGELOG.md)
- [Commits](https://github.com/aws/aws-sdk-php/compare/3.171.1...3.171.2)

Signed-off-by: dependabot-preview[bot] <support@dependabot.com>",Bump aws/aws-sdk-php from 3.171.1 to 3.171.2,44,2,1,1,1,1,1,0,neutral
236,"Bump twilio/sdk from 6.15.0 to 6.15.1

Bumps [twilio/sdk](https://github.com/twilio/twilio-php) from 6.15.0 to 6.15.1.
- [Release notes](https://github.com/twilio/twilio-php/releases)
- [Changelog](https://github.com/twilio/twilio-php/blob/main/CHANGES.md)
- [Commits](https://github.com/twilio/twilio-php/compare/6.15.0...6.15.1)

Signed-off-by: dependabot-preview[bot] <support@dependabot.com>",Bump twilio/sdk from 6.15.0 to 6.15.1,37,2,1,1,1,1,1,0,neutral
237,"Bump friendsofphp/php-cs-fixer from 2.17.1 to 2.17.2

Bumps [friendsofphp/php-cs-fixer](https://github.com/FriendsOfPHP/PHP-CS-Fixer) from 2.17.1 to 2.17.2.
- [Release notes](https://github.com/FriendsOfPHP/PHP-CS-Fixer/releases)
- [Changelog](https://github.com/FriendsOfPHP/PHP-CS-Fixer/blob/2.17/CHANGELOG.md)
- [Commits](https://github.com/FriendsOfPHP/PHP-CS-Fixer/compare/v2.17.1...v2.17.2)

Signed-off-by: dependabot-preview[bot] <support@dependabot.com>",Bump friendsofphp/php-cs-fixer from 2.17.1 to 2.17.2,52,1,1,1,1,1,1,0,neutral
238,"Bump aws/aws-sdk-php from 3.170.0 to 3.171.1

Bumps [aws/aws-sdk-php](https://github.com/aws/aws-sdk-php) from 3.170.0 to 3.171.1.
- [Release notes](https://github.com/aws/aws-sdk-php/releases)
- [Changelog](https://github.com/aws/aws-sdk-php/blob/master/CHANGELOG.md)
- [Commits](https://github.com/aws/aws-sdk-php/compare/3.170.0...3.171.1)

Signed-off-by: dependabot-preview[bot] <support@dependabot.com>",Bump aws/aws-sdk-php from 3.170.0 to 3.171.1,44,2,1,1,1,1,1,0,neutral
239,"Bump aws/aws-sdk-php from 3.169.0 to 3.170.0

Bumps [aws/aws-sdk-php](https://github.com/aws/aws-sdk-php) from 3.169.0 to 3.170.0.
- [Release notes](https://github.com/aws/aws-sdk-php/releases)
- [Changelog](https://github.com/aws/aws-sdk-php/blob/master/CHANGELOG.md)
- [Commits](https://github.com/aws/aws-sdk-php/compare/3.169.0...3.170.0)

Signed-off-by: dependabot-preview[bot] <support@dependabot.com>",Bump aws/aws-sdk-php from 3.169.0 to 3.170.0,44,2,1,1,1,1,1,0,neutral
240,"Bump orchestra/testbench from 6.6.0 to 6.7.0

Bumps [orchestra/testbench](https://github.com/orchestral/testbench) from 6.6.0 to 6.7.0.
- [Release notes](https://github.com/orchestral/testbench/releases)
- [Changelog](https://github.com/orchestral/testbench/blob/6.x/CHANGELOG-6.x.md)
- [Commits](https://github.com/orchestral/testbench/compare/v6.6.0...v6.7.0)

Signed-off-by: dependabot-preview[bot] <support@dependabot.com>",Bump orchestra/testbench from 6.6.0 to 6.7.0,44,2,1,1,1,1,1,0,neutral
241,"Bump aws/aws-sdk-php from 3.168.3 to 3.169.0

Bumps [aws/aws-sdk-php](https://github.com/aws/aws-sdk-php) from 3.168.3 to 3.169.0.
- [Release notes](https://github.com/aws/aws-sdk-php/releases)
- [Changelog](https://github.com/aws/aws-sdk-php/blob/master/CHANGELOG.md)
- [Commits](https://github.com/aws/aws-sdk-php/compare/3.168.3...3.169.0)

Signed-off-by: dependabot-preview[bot] <support@dependabot.com>",Bump aws/aws-sdk-php from 3.168.3 to 3.169.0,44,2,1,1,1,1,1,0,neutral
242,"Bump orchestra/testbench from 6.5.0 to 6.6.0

Bumps [orchestra/testbench](https://github.com/orchestral/testbench) from 6.5.0 to 6.6.0.
- [Release notes](https://github.com/orchestral/testbench/releases)
- [Changelog](https://github.com/orchestral/testbench/blob/6.x/CHANGELOG-6.x.md)
- [Commits](https://github.com/orchestral/testbench/compare/v6.5.0...v6.6.0)

Signed-off-by: dependabot-preview[bot] <support@dependabot.com>",Bump orchestra/testbench from 6.5.0 to 6.6.0,44,2,1,1,1,1,1,0,neutral
243,"Bump aws/aws-sdk-php from 3.168.0 to 3.168.3

Bumps [aws/aws-sdk-php](https://github.com/aws/aws-sdk-php) from 3.168.0 to 3.168.3.
- [Release notes](https://github.com/aws/aws-sdk-php/releases)
- [Changelog](https://github.com/aws/aws-sdk-php/blob/master/CHANGELOG.md)
- [Commits](https://github.com/aws/aws-sdk-php/compare/3.168.0...3.168.3)

Signed-off-by: dependabot-preview[bot] <support@dependabot.com>",Bump aws/aws-sdk-php from 3.168.0 to 3.168.3,44,2,1,1,1,1,1,0,neutral
244,"Bump aws/aws-sdk-php from 3.167.0 to 3.168.0

Bumps [aws/aws-sdk-php](https://github.com/aws/aws-sdk-php) from 3.167.0 to 3.168.0.
- [Release notes](https://github.com/aws/aws-sdk-php/releases)
- [Changelog](https://github.com/aws/aws-sdk-php/blob/master/CHANGELOG.md)
- [Commits](https://github.com/aws/aws-sdk-php/compare/3.167.0...3.168.0)

Signed-off-by: dependabot-preview[bot] <support@dependabot.com>",Bump aws/aws-sdk-php from 3.167.0 to 3.168.0,44,2,1,1,1,1,1,0,neutral
245,"Bump twilio/sdk from 6.14.0 to 6.15.0

Bumps [twilio/sdk](https://github.com/twilio/twilio-php) from 6.14.0 to 6.15.0.
- [Release notes](https://github.com/twilio/twilio-php/releases)
- [Changelog](https://github.com/twilio/twilio-php/blob/main/CHANGES.md)
- [Commits](https://github.com/twilio/twilio-php/compare/6.14.0...6.15.0)

Signed-off-by: dependabot-preview[bot] <support@dependabot.com>",Bump twilio/sdk from 6.14.0 to 6.15.0,37,2,1,1,1,1,1,0,neutral
246,"Bump friendsofphp/php-cs-fixer from 2.17.0 to 2.17.1

Bumps [friendsofphp/php-cs-fixer](https://github.com/FriendsOfPHP/PHP-CS-Fixer) from 2.17.0 to 2.17.1.
- [Release notes](https://github.com/FriendsOfPHP/PHP-CS-Fixer/releases)
- [Changelog](https://github.com/FriendsOfPHP/PHP-CS-Fixer/blob/2.17/CHANGELOG.md)
- [Commits](https://github.com/FriendsOfPHP/PHP-CS-Fixer/compare/v2.17.0...v2.17.1)

Signed-off-by: dependabot-preview[bot] <support@dependabot.com>",Bump friendsofphp/php-cs-fixer from 2.17.0 to 2.17.1,52,1,1,1,1,1,1,0,neutral
247,"Bump friendsofphp/php-cs-fixer from 2.16.7 to 2.17.0

Bumps [friendsofphp/php-cs-fixer](https://github.com/FriendsOfPHP/PHP-CS-Fixer) from 2.16.7 to 2.17.0.
- [Release notes](https://github.com/FriendsOfPHP/PHP-CS-Fixer/releases)
- [Changelog](https://github.com/FriendsOfPHP/PHP-CS-Fixer/blob/2.17/CHANGELOG.md)
- [Commits](https://github.com/FriendsOfPHP/PHP-CS-Fixer/compare/v2.16.7...v2.17.0)

Signed-off-by: dependabot-preview[bot] <support@dependabot.com>",Bump friendsofphp/php-cs-fixer from 2.16.7 to 2.17.0,52,1,1,1,1,1,1,0,neutral
248,"Bump aws/aws-sdk-php from 3.166.2 to 3.167.0

Bumps [aws/aws-sdk-php](https://github.com/aws/aws-sdk-php) from 3.166.2 to 3.167.0.
- [Release notes](https://github.com/aws/aws-sdk-php/releases)
- [Changelog](https://github.com/aws/aws-sdk-php/blob/master/CHANGELOG.md)
- [Commits](https://github.com/aws/aws-sdk-php/compare/3.166.2...3.167.0)

Signed-off-by: dependabot-preview[bot] <support@dependabot.com>",Bump aws/aws-sdk-php from 3.166.2 to 3.167.0,44,2,1,1,1,1,1,0,neutral
249,"Bump twilio/sdk from 6.13.0 to 6.14.0

Bumps [twilio/sdk](https://github.com/twilio/twilio-php) from 6.13.0 to 6.14.0.
- [Release notes](https://github.com/twilio/twilio-php/releases)
- [Changelog](https://github.com/twilio/twilio-php/blob/main/CHANGES.md)
- [Commits](https://github.com/twilio/twilio-php/compare/6.13.0...6.14.0)

Signed-off-by: dependabot-preview[bot] <support@dependabot.com>",Bump twilio/sdk from 6.13.0 to 6.14.0,37,2,1,1,1,1,1,0,neutral
250,"Bump vimeo/psalm from 4.2.1 to 4.3.1

Bumps [vimeo/psalm](https://github.com/vimeo/psalm) from 4.2.1 to 4.3.1.
- [Release notes](https://github.com/vimeo/psalm/releases)
- [Commits](https://github.com/vimeo/psalm/compare/4.2.1...4.3.1)

Signed-off-by: dependabot-preview[bot] <support@dependabot.com>",Bump vimeo/psalm from 4.2.1 to 4.3.1,36,2,1,1,1,1,1,1,good
251,"Bump aws/aws-sdk-php from 3.165.0 to 3.166.2

Bumps [aws/aws-sdk-php](https://github.com/aws/aws-sdk-php) from 3.165.0 to 3.166.2.
- [Release notes](https://github.com/aws/aws-sdk-php/releases)
- [Changelog](https://github.com/aws/aws-sdk-php/blob/master/CHANGELOG.md)
- [Commits](https://github.com/aws/aws-sdk-php/compare/3.165.0...3.166.2)

Signed-off-by: dependabot-preview[bot] <support@dependabot.com>",Bump aws/aws-sdk-php from 3.165.0 to 3.166.2,44,2,1,1,1,1,1,0,neutral
252,"Bump phpunit/phpunit from 9.4.4 to 9.5.0

Bumps [phpunit/phpunit](https://github.com/sebastianbergmann/phpunit) from 9.4.4 to 9.5.0.
- [Release notes](https://github.com/sebastianbergmann/phpunit/releases)
- [Changelog](https://github.com/sebastianbergmann/phpunit/blob/master/ChangeLog-9.5.md)
- [Commits](https://github.com/sebastianbergmann/phpunit/compare/9.4.4...9.5.0)

Signed-off-by: dependabot-preview[bot] <support@dependabot.com>",Bump phpunit/phpunit from 9.4.4 to 9.5.0,40,2,1,1,1,1,1,0,neutral
253,"Bump orchestra/testbench from 6.4.0 to 6.5.0

Bumps [orchestra/testbench](https://github.com/orchestral/testbench) from 6.4.0 to 6.5.0.
- [Release notes](https://github.com/orchestral/testbench/releases)
- [Changelog](https://github.com/orchestral/testbench/blob/6.x/CHANGELOG-6.x.md)
- [Commits](https://github.com/orchestral/testbench/compare/v6.4.0...v6.5.0)

Signed-off-by: dependabot-preview[bot] <support@dependabot.com>",Bump orchestra/testbench from 6.4.0 to 6.5.0,44,2,1,1,1,1,1,0,neutral
254,"Bump aws/aws-sdk-php from 3.164.0 to 3.165.0

Bumps [aws/aws-sdk-php](https://github.com/aws/aws-sdk-php) from 3.164.0 to 3.165.0.
- [Release notes](https://github.com/aws/aws-sdk-php/releases)
- [Changelog](https://github.com/aws/aws-sdk-php/blob/master/CHANGELOG.md)
- [Commits](https://github.com/aws/aws-sdk-php/compare/3.164.0...3.165.0)

Signed-off-by: dependabot-preview[bot] <support@dependabot.com>",Bump aws/aws-sdk-php from 3.164.0 to 3.165.0,44,2,1,1,1,1,1,0,neutral
255,"Bump phpunit/phpunit from 9.4.3 to 9.4.4

Bumps [phpunit/phpunit](https://github.com/sebastianbergmann/phpunit) from 9.4.3 to 9.4.4.
- [Release notes](https://github.com/sebastianbergmann/phpunit/releases)
- [Changelog](https://github.com/sebastianbergmann/phpunit/blob/master/ChangeLog-9.4.md)
- [Commits](https://github.com/sebastianbergmann/phpunit/compare/9.4.3...9.4.4)

Signed-off-by: dependabot-preview[bot] <support@dependabot.com>",Bump phpunit/phpunit from 9.4.3 to 9.4.4,40,2,1,1,1,1,1,0,neutral
256,"Bump aws/aws-sdk-php from 3.163.2 to 3.164.0 (#247)

Bumps [aws/aws-sdk-php](https://github.com/aws/aws-sdk-php) from 3.163.2 to 3.164.0.

- [Release notes](https://github.com/aws/aws-sdk-php/releases)

- [Changelog](https://github.com/aws/aws-sdk-php/blob/master/CHANGELOG.md)

- [Commits](https://github.com/aws/aws-sdk-php/compare/3.163.2...3.164.0)



Signed-off-by: dependabot-preview[bot] <support@dependabot.com>



Co-authored-by: dependabot-preview[bot] <27856297+dependabot-preview[bot]@users.noreply.github.com>",Bump aws/aws-sdk-php from 3.163.2 to 3.164.0 (#247),51,1,1,1,1,1,1,0,neutral
257,"Bump twilio/sdk from 6.12.0 to 6.13.0 (#243)

Bumps [twilio/sdk](https://github.com/twilio/twilio-php) from 6.12.0 to 6.13.0.

- [Release notes](https://github.com/twilio/twilio-php/releases)

- [Changelog](https://github.com/twilio/twilio-php/blob/main/CHANGES.md)

- [Commits](https://github.com/twilio/twilio-php/compare/6.12.0...6.13.0)



Signed-off-by: dependabot-preview[bot] <support@dependabot.com>



Co-authored-by: dependabot-preview[bot] <27856297+dependabot-preview[bot]@users.noreply.github.com>

Co-authored-by: Kazi Ahmed <mailtokmahmed@gmail.com>",Bump twilio/sdk from 6.12.0 to 6.13.0 (#243),44,2,1,1,1,1,1,0,neutral
258,"Bump aws/aws-sdk-php from 3.161.1 to 3.163.2 (#244)

Bumps [aws/aws-sdk-php](https://github.com/aws/aws-sdk-php) from 3.161.1 to 3.163.2.

- [Release notes](https://github.com/aws/aws-sdk-php/releases)

- [Changelog](https://github.com/aws/aws-sdk-php/blob/master/CHANGELOG.md)

- [Commits](https://github.com/aws/aws-sdk-php/compare/3.161.1...3.163.2)



Signed-off-by: dependabot-preview[bot] <support@dependabot.com>



Co-authored-by: dependabot-preview[bot] <27856297+dependabot-preview[bot]@users.noreply.github.com>

Co-authored-by: Kazi Ahmed <mailtokmahmed@gmail.com>",Bump aws/aws-sdk-php from 3.161.1 to 3.163.2 (#244),51,1,1,1,1,1,1,0,neutral
259,"Bump vimeo/psalm from 4.1.1 to 4.2.1 (#245)

Bumps [vimeo/psalm](https://github.com/vimeo/psalm) from 4.1.1 to 4.2.1.

- [Release notes](https://github.com/vimeo/psalm/releases)

- [Commits](https://github.com/vimeo/psalm/compare/4.1.1...4.2.1)



Signed-off-by: dependabot-preview[bot] <support@dependabot.com>



Co-authored-by: dependabot-preview[bot] <27856297+dependabot-preview[bot]@users.noreply.github.com>",Bump vimeo/psalm from 4.1.1 to 4.2.1 (#245),43,2,1,1,1,1,1,0,neutral
260,"Bump aws/aws-sdk-php from 3.159.1 to 3.161.1 (#238)

Bumps [aws/aws-sdk-php](https://github.com/aws/aws-sdk-php) from 3.159.1 to 3.161.1.

- [Release notes](https://github.com/aws/aws-sdk-php/releases)

- [Changelog](https://github.com/aws/aws-sdk-php/blob/master/CHANGELOG.md)

- [Commits](https://github.com/aws/aws-sdk-php/compare/3.159.1...3.161.1)



Signed-off-by: dependabot-preview[bot] <support@dependabot.com>



Co-authored-by: dependabot-preview[bot] <27856297+dependabot-preview[bot]@users.noreply.github.com>",Bump aws/aws-sdk-php from 3.159.1 to 3.161.1 (#238),51,1,1,1,1,1,1,0,neutral
261,"Bump orchestra/testbench from 6.3.0 to 6.4.0 (#232)

Bumps [orchestra/testbench](https://github.com/orchestral/testbench) from 6.3.0 to 6.4.0.

- [Release notes](https://github.com/orchestral/testbench/releases)

- [Changelog](https://github.com/orchestral/testbench/blob/6.x/CHANGELOG-6.x.md)

- [Commits](https://github.com/orchestral/testbench/compare/v6.3.0...v6.4.0)



Signed-off-by: dependabot-preview[bot] <support@dependabot.com>



Co-authored-by: dependabot-preview[bot] <27856297+dependabot-preview[bot]@users.noreply.github.com>

Co-authored-by: Kazi Ahmed <mailtokmahmed@gmail.com>",Bump orchestra/testbench from 6.3.0 to 6.4.0 (#232),51,1,1,1,1,1,1,0,neutral
262,"Bump aws/aws-sdk-php from 3.158.22 to 3.159.1 (#234)

Bumps [aws/aws-sdk-php](https://github.com/aws/aws-sdk-php) from 3.158.22 to 3.159.1.

- [Release notes](https://github.com/aws/aws-sdk-php/releases)

- [Changelog](https://github.com/aws/aws-sdk-php/blob/master/CHANGELOG.md)

- [Commits](https://github.com/aws/aws-sdk-php/compare/3.158.22...3.159.1)



Signed-off-by: dependabot-preview[bot] <support@dependabot.com>



Co-authored-by: dependabot-preview[bot] <27856297+dependabot-preview[bot]@users.noreply.github.com>

Co-authored-by: Kazi Ahmed <mailtokmahmed@gmail.com>",Bump aws/aws-sdk-php from 3.158.22 to 3.159.1 (#234),52,1,1,1,1,1,1,0,neutral
263,"Bump phpunit/phpunit from 9.4.2 to 9.4.3 (#235)

Bumps [phpunit/phpunit](https://github.com/sebastianbergmann/phpunit) from 9.4.2 to 9.4.3.

- [Release notes](https://github.com/sebastianbergmann/phpunit/releases)

- [Changelog](https://github.com/sebastianbergmann/phpunit/blob/master/ChangeLog-9.4.md)

- [Commits](https://github.com/sebastianbergmann/phpunit/compare/9.4.2...9.4.3)



Signed-off-by: dependabot-preview[bot] <support@dependabot.com>



Co-authored-by: dependabot-preview[bot] <27856297+dependabot-preview[bot]@users.noreply.github.com>",Bump phpunit/phpunit from 9.4.2 to 9.4.3 (#235),47,2,1,1,1,1,1,0,neutral
264,"Bump twilio/sdk from 6.11.0 to 6.12.0 (#229)

Bumps [twilio/sdk](https://github.com/twilio/twilio-php) from 6.11.0 to 6.12.0.

- [Release notes](https://github.com/twilio/twilio-php/releases)

- [Changelog](https://github.com/twilio/twilio-php/blob/main/CHANGES.md)

- [Commits](https://github.com/twilio/twilio-php/compare/6.11.0...6.12.0)



Signed-off-by: dependabot-preview[bot] <support@dependabot.com>



Co-authored-by: dependabot-preview[bot] <27856297+dependabot-preview[bot]@users.noreply.github.com>

Co-authored-by: Kazi Ahmed <mailtokmahmed@gmail.com>",Bump twilio/sdk from 6.11.0 to 6.12.0 (#229),44,2,1,1,1,1,1,0,neutral
265,"Merge pull request #113 from RazerMoon/more-photos

Show how many more photos there are",Merge pull request #113 from RazerMoon/more-photos,50,2,1,1,1,1,1,1,good
266,"show if more, opacity

Only show the indicator if there is more than one image, inactive bubbles have less opacity, only active bubbles have border","show if more, opacity",21,2,1,1,0,1,1,0,neutral
267,fix #119,fix #119,8,0,1,1,0,1,1,1,bad
268,fix #130,fix #130,8,0,1,1,0,1,1,1,bad
269,ignore hello reports,ignore hello reports,20,1,1,1,0,1,1,1,bad
270,bump,bump,4,0,1,1,0,1,1,1,bad
271,bio limit,bio limit,9,0,1,1,0,1,0,1,bad
272,fix #137,fix #137,8,0,1,1,0,1,1,1,bad
273,fix #138,fix #138,8,0,1,1,0,1,1,1,bad
274,inc,inc,3,0,1,1,0,1,0,1,bad
275,chore(release): 1.2.18,chore(release): 1.2.18,22,2,1,1,0,1,0,1,neutral
276,remove location for now,remove location for now,23,2,1,1,0,1,1,1,good
277,fix #126,fix #126,8,0,1,1,0,1,1,1,bad
278,removed old styling,removed old styling,19,1,1,1,0,1,0,1,bad
279,changed to be less obtrusive,changed to be less obtrusive,28,2,1,1,0,1,0,1,bad
280,uncheck all should return no users,uncheck all should return no users,34,2,1,1,0,1,1,1,good
281,bump,bump,4,0,1,1,0,1,1,1,bad
282,chore(release): 1.2.17,chore(release): 1.2.17,22,2,1,1,0,1,0,1,bad
283,changed photo to img,changed photo to img,20,1,1,1,0,1,0,1,bad
284,more photos display,more photos display,19,1,1,1,0,1,0,1,bad
285,Merge branch 'master' of https://github.com/benawad/vsinder,Merge branch 'master' of https://github.com/benawad/vsinder,59,1,1,1,1,1,1,1,neutral
286,"fix #103, #110","fix #103, #110",14,1,1,1,0,1,1,1,good
287,report a bug,report a bug,12,1,1,1,0,1,1,1,good
288,chore(release): 1.2.16,chore(release): 1.2.16,22,2,1,1,0,1,0,1,neutral
289,android login just works now,android login just works now,28,2,1,1,0,1,0,1,bad
290,fix #104,fix #104,8,0,1,1,0,1,1,1,bad
291,"Merge pull request #102 from asheliahut/patch-1

Add PHP to flair list",Merge pull request #102 from asheliahut/patch-1,47,2,1,1,1,1,1,1,good
292,move to bottom,move to bottom,14,1,1,1,0,1,1,1,neutral
293,move to bottom,move to bottom,14,1,1,1,0,1,1,1,neutral
294,Move to bottom,Move to bottom,14,1,1,1,1,1,1,1,neutral
295,"Merge pull request #4 from sirluky/patch-1

allow credentials in graphql playground",Merge pull request #4 from sirluky/patch-1,42,2,1,1,1,1,1,1,good
296,allow credentials in graphql playground,allow credentials in graphql playground,39,2,1,1,0,1,1,1,good
297,Update README.md,Update README.md,16,1,1,1,1,1,1,1,good
298,Merge branch 'master' of https://github.com/benawad/create-graphql-api,Merge branch 'master' of https://github.com/benawad/create-graphql-api,70,1,1,1,1,1,1,1,neutral
299,fix node_modules going into package,fix node_modules going into package,35,2,1,1,0,1,1,1,good
300,add --auth flag,add --auth flag,15,1,1,1,0,1,1,1,good
301,not using type-graphql validation,not using type-graphql validation,33,2,1,1,0,1,0,1,bad
302,auth template works,auth template works,19,1,1,1,0,1,0,1,bad
303,in the middle of adding auth tempalte,in the middle of adding auth tempalte,37,2,1,1,0,1,0,1,bad
304,Update README.md,Update README.md,16,1,1,1,1,1,1,1,good
305,Update README.md,Update README.md,16,1,1,1,1,1,1,1,good
306,Update README.md,Update README.md,16,1,1,1,1,1,1,1,good
307,Update README.md,Update README.md,16,1,1,1,1,1,1,1,good
308,Update README.md,Update README.md,16,1,1,1,1,1,1,1,good
309,Update README.md,Update README.md,16,1,1,1,1,1,1,1,good
310,Update README.md,Update README.md,16,1,1,1,1,1,1,1,good
311,log port and catch undefined NODE_ENV,log port and catch undefined NODE_ENV,37,2,0,1,0,1,1,1,good
312,Merge branch 'master' of https://github.com/benawad/create-graphql-api,Merge branch 'master' of https://github.com/benawad/create-graphql-api,70,1,1,1,1,1,1,1,neutral
313,make it easy for template to be deployed,make it easy for template to be deployed,40,2,1,1,0,1,1,1,good
314,Create SECURITY.md,Create SECURITY.md,18,1,1,1,1,1,1,1,good
315,"Merge pull request #2 from benawad/add-license-1

Create LICENSE",Merge pull request #2 from benawad/add-license-1,48,2,1,1,1,1,1,1,good
316,Create LICENSE,Create LICENSE,14,1,1,1,1,1,1,1,good
317,Update README.md,Update README.md,16,1,1,1,1,1,1,1,good
318,remove old var,remove old var,14,1,1,1,0,1,1,1,good
319,typeorm will create sqlite db for us,typeorm will create sqlite db for us,36,2,1,1,0,1,0,1,bad
320,write .gitginore,write .gitginore,16,1,1,1,0,1,1,1,good
321,gitignore,gitignore,9,0,1,1,0,1,0,1,bad
322,logging true,logging true,12,1,1,1,0,1,0,1,bad
323,use sqlite,use sqlite,10,0,1,1,0,1,1,1,bad
324,meta.,meta.,5,0,1,1,0,0,0,1,bad
